1,ramesh@email.com,Ramesh,Fadatare
2,navin@email.com,Navin,Reddy
3,pooja@email.com,Pooja,Mayank
4,prakash@email.com,Prakash,Vijay
7,pramod@email.com,Pramod,Pawar
6,sagu@email.com,Sagu,Mawar
9,sanjay@email.com,Sanjay,Pawar
10,john@codemy.com,John,Elder
11,tim@smith.com,Tim,Smith
12,mary@brown.com,Mary,Brown
13,jerry@johnson.com,Jerry,Johnson
15,nobody@fastfurious.com,Mister,Nobody
16,manusia@orang.com,Manusia,Tambahan
14,tina@smith.com,Tina,Toon
